key,first_seen,baseline
adidas adistar byd,2026-09-29,1
adidas adizero adios pro evo 1,2026-09-29,1
adidas adizero adios pro evo 2,2026-09-29,1
adidas adizero adios pro evo 3,2026-10-09,
adidas adizero boston 12,2026-09-29,1
adidas adizero prime x 2 strung,2026-09-29,1
adidas adizero prime x 3 strung,2026-09-29,1
adidas adizero sl2,2026-09-29,1
adidas adizero takumi sen 10,2026-09-29,1
adidas duramo sl 2,2026-09-29,1
adidas galaxy 6,2026-09-29,1
adidas galaxy 7,2026-09-29,1
adidas questar 3,2026-09-29,1
adidas response,2026-09-29,1
adidas response 2,2026-09-29,1
adidas response runner 2,2026-09-29,1
adidas response super,2026-09-29,1
adidas runfalcon 5,2026-09-29,1
adidas runfalcon 5 tr,2026-09-29,1
adidas supernova,2026-10-07,
adidas supernova comfortglide,2026-09-29,1
adidas supernova ease,2026-09-29,1
adidas supernova ease 2,2026-09-29,1
adidas supernova prima,2026-09-29,1
adidas supernova prima 2,2026-09-29,1
adidas supernova rise,2026-09-29,1
adidas supernova rise 2,2026-09-29,1
adidas supernova solution,2026-09-29,1
adidas supernova solution 2,2026-09-29,1
adidas supernova stride 2,2026-09-29,1
adidas terrex agravic,2026-09-29,1
adidas terrex agravic 4,2026-09-29,1
adidas terrex tracefinder,2026-09-29,1
adidas terrex tracefinder 2,2026-09-29,1
adidas terrex tracerocker 2,2026-09-29,1
adidas terrex tracerocker 2 0,2026-09-29,1
altra escalante 5,2026-09-29,1
altra experience flow 2,2026-09-29,1
altra experience flow st,2026-09-29,1
altra experience wild 2,2026-09-29,1
altra fwd via,2026-09-29,1
altra king mt 2,2026-09-29,1
altra lone peak 8,2026-09-29,1
altra lone peak 9 plus,2026-09-29,1
altra mont blanc carbon,2026-09-29,1
altra mont blanc speed,2026-09-29,1
altra motiv flx,2026-09-29,1
altra olympus 275,2026-09-29,1
altra olympus 6,2026-09-29,1
altra superior 7,2026-10-09,
altra timp 5 boa,2026-09-29,1
altra torin 8,2026-09-29,1
altra vanish carbon 2,2026-09-29,1
altra vanish carbon 3,2026-09-29,1
asics dynablast 5,2026-09-29,1
asics fuji lite 4,2026-09-29,1
asics fuji lite 5,2026-09-29,1
asics fuji lite 7,2026-09-29,1
asics fuji speed,2026-09-29,1
asics fujispeed 3,2026-09-29,1
asics glideride max,2026-09-29,1
asics gt 2000 13,2026-09-29,1
asics gt 2000 13 tr,2026-09-29,1
asics gt 2000 14,2026-09-29,1
asics gt 2000 14 atc,2026-09-29,1
asics gt 2000 14 tr,2026-09-29,1
asics gt 2000 15 tr,2026-09-29,1
asics gt 4000 4,2026-09-29,1
asics magic speed 4,2026-09-29,1
asics megablast,2026-09-29,1
asics metafuji,2026-09-29,1
asics metafuji 2,2026-09-29,1
asics metaride,2026-09-29,1
asics metaspeed edge,2026-09-29,1
asics metaspeed ray,2026-09-29,1
asics novablast 5,2026-09-29,1
asics scout 3,2026-09-29,1
asics sonicblast 2,2026-09-29,1
asics trabuco max 4,2026-09-29,1
asics trabuco terra 3,2026-09-29,1
brooks addiction gts 15,2026-09-29,1
brooks adrenaline gts 24 weatherized,2026-09-29,1
brooks ariel gts 24,2026-09-29,1
brooks ariel gts 26,2026-09-29,1
brooks beast gts 24,2026-09-29,1
brooks beast gts 26,2026-09-29,1
brooks caldera 8,2026-09-29,1
brooks cascadia elite,2026-09-29,1
brooks catamount 4,2026-09-29,1
brooks catamount agil,2026-09-29,1
brooks ghost,2026-09-29,1
brooks ghost 16,2026-09-29,1
brooks ghost max 3,2026-09-29,1
brooks glycerin 22,2026-09-29,1
brooks glycerin stealthfit 22,2026-09-29,1
brooks hyperion 3,2026-09-29,1
brooks hyperion elite 5,2026-09-29,1
brooks hyperion max 3,2026-09-29,1
brooks range,2026-09-29,1
brooks revel 8,2026-09-29,1
hoka arahi 7,2026-09-29,1
hoka arahi 8,2026-09-29,1
hoka bondi 8,2026-09-29,1
hoka bondi sr,2026-09-29,1
hoka challenger 7,2026-09-29,1
hoka cielo x1 2 0,2026-09-29,1
hoka kawana 2,2026-09-29,1
hoka mach x 2,2026-09-29,1
hoka rocket x,2026-09-29,1
hoka rocket x 2,2026-09-29,1
hoka rocket x 3,2026-09-29,1
hoka speedgoat 6,2026-09-29,1
hoka speedgoat 6 mid,2026-09-29,1
hoka tecton x 3,2026-09-29,1
inov8 mudclaw 300,2026-09-29,1
inov8 mudtalon,2026-09-29,1
inov8 mudtalon v2,2026-09-29,1
inov8 mudtalon zero v2,2026-09-29,1
inov8 parkclaw g 280,2026-09-29,1
inov8 roclite max,2026-09-29,1
inov8 trailfly,2026-09-29,1
inov8 trailfly max,2026-09-29,1
inov8 trailfly speed,2026-09-29,1
inov8 trailfly zero v2,2026-09-29,1
inov8 trailtalon max,2026-09-29,1
inov8 trailtalon speed v2,2026-09-29,1
inov8 trailtalon zero,2026-09-29,1
inov8 x talon 212,2026-09-29,1
la sportiva akasha ii,2026-09-29,1
la sportiva akyra ii,2026-09-29,1
la sportiva blizzard,2026-09-29,1
la sportiva bushido iii,2026-09-29,1
la sportiva cyklon,2026-09-29,1
la sportiva cyklon cross,2026-09-29,1
la sportiva jackal ii,2026-09-29,1
la sportiva jackal ii boa,2026-09-29,1
la sportiva karacal,2026-09-29,1
la sportiva levante,2026-09-29,1
la sportiva lycan,2026-09-29,1
la sportiva lycan ii,2026-09-29,1
la sportiva mutant,2026-09-29,1
la sportiva mutant ii,2026-09-29,1
la sportiva prodigio,2026-09-29,1
la sportiva prodigio 2,2026-09-29,1
la sportiva prodigio max,2026-09-29,1
la sportiva prodigio pro,2026-09-29,1
la sportiva ultra raptor ii,2026-09-29,1
lowa amplux 2,2026-09-29,1
lowa skyterra,2026-09-29,1
mammut aenergy all mountain,2026-09-29,1
mammut aenergy endurance,2026-09-29,1
mammut aenergy speed,2026-09-29,1
mammut saentis tr low,2026-09-29,1
mammut sertig tr low,2026-09-29,1
merrell agility,2026-09-29,1
merrell agility peak 5,2026-09-29,1
merrell agility peak 6,2026-09-29,1
merrell agility peak 6 boa,2026-09-29,1
merrell antora 2,2026-09-29,1
merrell antora 3,2026-09-29,1
merrell antora 4,2026-09-29,1
merrell glove 7,2026-09-29,1
merrell merrel antora 4,2026-09-29,1
merrell merrel morphlite,2026-09-29,1
merrell merrel mtl adapt matryx,2026-09-29,1
merrell merrel mtl long sky 2 matryx,2026-09-29,1
merrell merrel mtl skyfire matryx,2026-09-29,1
merrell moab flight,2026-09-29,1
merrell mtl adapt matryx,2026-09-29,1
merrell mtl long sky 2,2026-09-29,1
merrell mtl skyfire 2,2026-09-29,1
merrell mtl skyfire 2 matryx,2026-09-29,1
merrell mtl skyfire ocr tough viking,2026-09-29,1
merrell nova 4,2026-09-29,1
merrell promorph opulent,2026-10-08,
merrell vapor glove 6,2026-09-29,1
merrell vapor glove 6 boa,2026-09-29,1
merrell vapor glove 6 leather,2026-09-29,1
mizuno hyperwarp elite,2026-09-29,1
mizuno hyperwarp pro,2026-09-29,1
mizuno hyperwarp pure,2026-09-29,1
mizuno neo accera,2026-09-29,1
mizuno neo cosmo,2026-09-29,1
mizuno neo cosmo 2,2026-09-29,1
mizuno neo daichi 10,2026-09-29,1
mizuno neo lumina,2026-09-29,1
mizuno neo vista,2026-09-29,1
mizuno neo vista 2,2026-09-29,1
mizuno wave daichi 9,2026-09-29,1
mizuno wave horizon 9,2026-09-29,1
mizuno wave ibuki 4,2026-09-29,1
mizuno wave inspire 21,2026-09-29,1
mizuno wave mujin 11,2026-09-29,1
mizuno wave neo ultra,2026-09-29,1
mizuno wave rebellion flash 2,2026-09-29,1
mizuno wave rebellion flash 3,2026-09-29,1
mizuno wave rebellion pro 2,2026-09-29,1
mizuno wave rebellion pro 3,2026-09-29,1
mizuno wave rider 28,2026-09-29,1
mizuno wave rider 29,2026-09-29,1
mizuno wave rider 30 disclosure,2026-09-29,1
mizuno wave skyrise 6,2026-09-29,1
mizuno wave skyrise 7,2026-09-29,1
new balance 1080v15 breathe,2026-09-29,1
new balance 410v8,2026-09-29,1
new balance 411v4,2026-09-29,1
new balance 413v3,2026-09-29,1
new balance 520v8,2026-09-29,1
new balance dynasoft nitrel v5,2026-09-29,1
new balance ellipse breathe,2026-09-29,1
new balance fresh foam 680v7,2026-09-29,1
new balance fresh foam x 1080v13,2026-09-29,1
new balance fresh foam x 860v13,2026-09-29,1
new balance fresh foam x 880v13,2026-09-29,1
new balance fresh foam x 880v14,2026-09-29,1
new balance fresh foam x balos,2026-09-29,1
new balance fresh foam x evoz st,2026-09-29,1
new balance fresh foam x evoz v3,2026-09-29,1
new balance fresh foam x hierro v7,2026-10-07,
new balance fresh foam x hierro v8,2026-09-29,1
new balance fresh foam x kaiha,2026-09-29,1
new balance fresh foam x kaiha rd,2026-09-29,1
new balance fresh foam x more v5,2026-09-29,1
new balance fuelcell propel v4,2026-09-29,1
new balance fuelcell propel v5,2026-09-29,1
new balance fuelcell rebel,2026-09-29,1
new balance fuelcell rebel v4,2026-09-29,1
new balance fuelcell supercomp,2026-09-29,1
new balance fuelcell supercomp 2,2026-09-29,1
new balance fuelcell supercomp elite v4,2026-09-29,1
new balance fuelcell supercomp elite v5,2026-09-29,1
new balance fuelcell venym,2026-09-29,1
new balance minimus,2026-09-29,1
new balance tcs ellipse,2026-09-29,1
new balance tcs supercomp elite v6,2026-09-29,1
nike acg zoomx ultrafly,2026-09-29,1
nike air winflo 11,2026-09-29,1
nike air winflo 12,2026-09-29,1
nike air zoom pegasus 41,2026-09-29,1
nike air zoom pegasus 42,2026-09-29,1
nike air zoom pegasus 42 rsg,2026-10-07,
nike air zoom pegasus cm,2026-09-29,1
nike air zoom structure 25,2026-09-29,1
nike journey run,2026-09-29,1
nike kiger 10,2026-09-29,1
nike pegasus plus,2026-09-29,1
nike reactx pegasus 5,2026-09-29,1
nike structure plus,2026-09-29,1
nike terra kiger 10,2026-09-29,1
nike vomero plus rsg,2026-10-07,
nike winflo 11,2026-09-29,1
nike zegama 2,2026-09-29,1
nike zoom fly 6 glam,2026-09-29,1
nike zoom fly 6 rsg,2026-10-07,
nike zoomx streakfly,2026-09-29,1
nike zoomx vaporfly next 3,2026-09-29,1
nnormal cadi,2026-09-29,1
nnormal kjerag,2026-09-29,1
nnormal kjerag 2 0,2026-09-29,1
nnormal kjerag brut,2026-09-29,1
nnormal tomir 2 0,2026-09-29,1
norda 001,2026-09-29,1
norda 001a,2026-09-29,1
norda 001a g plus,2026-09-29,1
norda 002,2026-09-29,1
norda 005,2026-09-29,1
norda 055 g,2026-09-29,1
omm,2026-09-29,1
omm fell,2026-09-29,1
omm ultra,2026-09-29,1
on cloudultra pro,2026-09-29,1
on on cloud x tempo pro,2026-09-29,1
on on cloudboom max,2026-09-29,1
on on cloudboom strike,2026-09-29,1
on on cloudboom strike 2,2026-09-29,1
on on cloudboom strike lightspray,2026-09-29,1
on on cloudboom volt,2026-09-29,1
on on cloudflow 5,2026-09-29,1
on on cloudflyer 5,2026-09-29,1
on on cloudmonster 2,2026-09-29,1
on on cloudmonster 3,2026-09-29,1
on on cloudmonster 3 hyper,2026-09-29,1
on on cloudrunner 2,2026-09-29,1
on on cloudrunner 3,2026-09-29,1
on on cloudrunner 3 max,2026-09-29,1
on on cloudsoma,2026-09-29,1
on on cloudstratus 3,2026-09-29,1
on on cloudsurfer 2,2026-09-29,1
on on cloudsurfer max,2026-09-29,1
on on cloudsurfer next,2026-09-29,1
on on cloudultra 3,2026-09-29,1
on on cloudultra peak,2026-09-29,1
on on cloudultra pro,2026-09-29,1
on on cloudvista 3,2026-09-29,1
on on lightspray cloudboom strike 2,2026-10-07,
on on lightspray cloudmonster 3 hyper,2026-09-29,1
puma darter pro,2026-09-29,1
puma deviate nitro,2026-09-29,1
puma deviate nitro 3,2026-09-29,1
puma deviate nitro elite,2026-09-29,1
puma deviate nitro elite 3 ekiden,2026-09-29,1
puma deviate nitro elite racer,2026-09-29,1
puma deviate pure nitro,2026-09-29,1
puma electrify nitro 2,2026-09-29,1
puma electrify nitro 3,2026-09-29,1
puma electrify nitro 3 tr,2026-09-29,1
puma electrify nitro 4,2026-09-29,1
puma electrify nitro 5,2026-09-29,1
puma electrify nitro turn,2026-09-29,1
puma electrify nitro wtr,2026-09-29,1
puma eternity nitro,2026-09-29,1
puma fast fwd nitro elite,2026-09-29,1
puma fast fwd nitro elite 2,2026-09-29,1
puma fast fwd nitro elite psychadelic rush,2026-09-29,1
puma fast r 2 nitro elite,2026-09-29,1
puma fast r 2 nitro elite fire,2026-09-29,1
puma fast r 2 nitro elite psychadelic rush,2026-09-29,1
puma fast r nitro elite,2026-09-29,1
puma fast r nitro elite 2,2026-09-29,1
puma fast trac nitro 3,2026-09-29,1
puma fast trac nitro 4,2026-09-29,1
puma fasteroid,2026-09-29,1
puma foreverrun nitro wtr,2026-09-29,1
puma liberate nitro 2 run 75,2026-09-29,1
puma magmax nitro,2026-09-29,1
puma magnify nitro 2,2026-09-29,1
puma magnify nitro knit,2026-09-29,1
puma propio nitro,2026-09-29,1
puma skyrocket lite 2,2026-09-29,1
puma velocity nitro,2026-09-29,1
puma velocity nitro 2,2026-09-29,1
puma velocity nitro 3,2026-09-29,1
puma velocity nitro 4,2026-09-29,1
puma voyage nitro 2,2026-09-29,1
puma voyage nitro 3,2026-09-29,1
puma voyage nitro 3 disc,2026-09-29,1
puma voyage nitro 4,2026-09-29,1
puma x hyrox deviate nitro 4,2026-09-29,1
puma x hyrox deviate nitro elite 4,2026-09-29,1
puma x hyrox velocity nitro 5,2026-09-29,1
puma x saysky fast r nitro elite 3,2026-09-29,1
ronhill freedom,2026-09-29,1
ronhill freedom ultra,2026-09-29,1
ronhill reverence,2026-09-29,1
ronhill reverence 2,2026-09-29,1
ronhill reverence sl,2026-09-29,1
salomon aero blaze 3 grvl,2026-09-29,1
salomon index 03,2026-09-29,1
salomon pulsar,2026-09-29,1
salomon s lab genesis 2,2026-09-29,1
salomon s lab genesis spine,2026-09-29,1
salomon s lab phantasm 2,2026-09-29,1
salomon s lab pulsar 4,2026-09-29,1
salomon s lab spectur,2026-09-29,1
salomon s lab ultra dust,2026-09-29,1
salomon s lab ultra glide 1 5,2026-09-29,1
salomon s lab ultra glide 2,2026-09-29,1
salomon s lab ultra glide 2 courtney,2026-09-29,1
salomon s lab ultra v2,2026-09-29,1
salomon speedcross 6 20 years,2026-09-29,1
salomon spikecross 6,2026-09-29,1
salomon xa pro 3d v9 lifelong,2026-09-29,1
saucony endorphin elite,2026-09-29,1
saucony endorphin elite 3,2026-09-29,1
saucony endorphin pro 4,2026-09-29,1
saucony endorphin speed 4,2026-09-29,1
saucony hurricane 24,2026-09-29,1
saucony hurricane 25,2026-09-29,1
saucony kinvara 15,2026-09-29,1
saucony kinvara pro,2026-09-29,1
saucony omni 22,2026-09-29,1
saucony omni 23 st,2026-09-29,1
saucony omni st 23,2026-09-29,1
saucony peregrine 14,2026-09-29,1
saucony peregrine rfg,2026-09-29,1
saucony ride 15 tr,2026-09-29,1
saucony ride 18 summer,2026-09-29,1
saucony ride rfg,2026-09-29,1
saucony ride tr2,2026-09-29,1
saucony tempus 2,2026-09-29,1
saucony triumph 22,2026-09-29,1
saucony xodus ultra 3,2026-09-29,1
scarpa alien ultra,2026-09-29,1
scarpa golden gate 2 atr,2026-09-29,1
scarpa golden gate kima rt,2026-09-29,1
scarpa golden gate lt,2026-09-29,1
scarpa ribelle run 2,2026-09-29,1
scarpa ribelle run kalibra g,2026-09-29,1
scarpa ribelle run kalibra ht,2026-09-29,1
scarpa ribelle run kalibra st,2026-09-29,1
scarpa ribelle run lt,2026-09-29,1
scarpa spin infinity,2026-09-29,1
scarpa spin planet,2026-09-29,1
scarpa spin race,2026-09-29,1
scarpa spin st,2026-09-29,1
scarpa spin ultra,2026-09-29,1
scarpa spin ultra 2,2026-09-29,1
scott kinabalu,2026-09-29,1
scott kinabalu 3,2026-09-29,1
scott kinabalu mtn,2026-09-29,1
scott kinabalu rc 3,2026-09-29,1
scott kinabalu ultra,2026-09-29,1
scott kinabalu ultra rc,2026-09-29,1
scott pursuit explore,2026-09-29,1
scott pursuit gravel,2026-09-29,1
scott pursuit ride,2026-09-29,1
scott supertrac 3 0,2026-09-29,1
scott supertrac amphib,2026-09-29,1
scott supertrac rc 2,2026-09-29,1
scott supertrac rc 3,2026-09-29,1
scott supertrac speed rc,2026-09-29,1
scott supertrac ultra rc,2026-09-29,1
scott ultra carbon rc,2026-09-29,1
skechers aero burst,2026-09-29,1
skechers aero pulse,2026-09-29,1
skechers aero spark,2026-09-29,1
skechers aero tempo,2026-09-29,1
skechers go run altitude 2 0 pine ridge,2026-09-29,1
skechers go run consistent 3 streamhaven,2026-09-29,1
skechers go run max road 7 aero burst,2026-09-29,1
skechers go run persistence 2,2026-09-29,1
skechers go run supersonic max,2026-09-29,1
skechers gorun 7 0 interval,2026-09-29,1
skechers gorun altitude ravine 2 0,2026-09-29,1
skechers max cushioning endeavour,2026-09-29,1
skechers max cushioning endeavour ardena,2026-09-29,1
skechers sketchers go run consistent 3,2026-09-29,1
skechers slip ins aero burst,2026-09-29,1
skechers slip ins aero pulse,2026-09-29,1
skechers slip ins aero spark,2026-09-29,1
skechers slip ins max run,2026-09-29,1
the north face altamesa 300,2026-09-29,1
the north face altamesa 300 v2,2026-09-29,1
the north face altamesa 500,2026-09-29,1
the north face altamesa 500 v2,2026-09-29,1
the north face offtrail tr,2026-09-29,1
the north face offtrail versa,2026-09-29,1
the north face summit series offtrail tr,2026-09-29,1
the north face summit series vectiv sky 2,2026-09-29,1
the north face summit vectiv pro 3,2026-09-29,1
the north face vectiv enduris 4,2026-09-29,1
the north face vectiv enduris iii,2026-09-29,1
the north face vectiv infinite iii,2026-09-29,1
the north face vectiv levitum,2026-09-29,1
topo athletic topo atmos 2,2026-09-29,1
topo athletic topo aura,2026-09-29,1
topo athletic topo aura 2,2026-09-29,1
topo athletic topo connect,2026-09-29,1
topo athletic topo magnifly 6,2026-09-29,1
topo athletic topo mtn racer 4,2026-09-29,1
topo athletic topo phantom 4,2026-09-29,1
topo athletic topo pursuit 3,2026-09-29,1
topo athletic topo specter 2,2026-09-29,1
topo athletic topo specter 3,2026-09-29,1
topo athletic topo st 6,2026-09-29,1
topo athletic topo terraventure 5,2026-09-29,1
topo athletic topo ultrafly 6,2026-09-29,1
topo athletic topo ultraventure 5,2026-09-29,1
topo athletic topo vista,2026-09-29,1
true motion u tech aion 3,2026-10-07,
true motion u tech aion elements,2026-09-29,1
true motion u tech aion next gen,2026-09-29,1
true motion u tech vichara,2026-09-29,1
under armour charged bandit 3,2026-09-29,1
under armour charged bandit 3 storm protect,2026-09-29,1
under armour charged pursuit 3,2026-10-07,
under armour charged rogue 4,2026-09-29,1
under armour charged rogue 5,2026-09-29,1
under armour charged surge 4,2026-09-29,1
under armour infinite,2026-09-29,1
under armour infinite elite 2,2026-09-29,1
under armour surge 5,2026-09-29,1
under armour turbulence 3,2026-09-29,1
under armour velociti pro,2026-09-29,1
under armour velociti pro 2,2026-09-29,1
vibram fivefingers trailope,2026-09-29,1
vibram fivefingers v run,2026-09-29,1
vivobarefoot primus 3 5 fg,2026-09-29,1
vivobarefoot primus flow,2026-09-29,1
vivobarefoot primus flow mid ii,2026-09-29,1
vivobarefoot primus iii all weather fg,2026-09-29,1
vivobarefoot primus knit fg,2026-09-29,1
vivobarefoot primus knit fg grounding,2026-09-29,1
vj sport vj irock 4,2026-09-29,1
vj sport vj irock plus,2026-09-29,1
vj sport vj lightspeed,2026-09-29,1
vj sport vj lightspeed 2,2026-09-29,1
vj sport vj maxx2,2026-09-29,1
vj sport vj sarva xter,2026-09-29,1
vj sport vj spark,2026-09-29,1
vj sport vj ultra 3 1,2026-10-07,
vj sport vj xtrm2,2026-09-29,1
walsh pb elite extreme fell,2026-09-29,1
walsh pb elite fell,2026-09-29,1
walsh pb elite racer,2026-09-29,1
walsh pb ultra extreme fell,2026-09-29,1
walsh pb ultra fell,2026-09-29,1
