first_seen,brand,model,rrp,lowest,sizes_in_stock,product_code,url,image
2026-10-08,Merrell,Merrell ProMorph Opulent Women's Trail Running Shoes,139.99,139.99,10,mer3050,https://www.sportsshoes.com/product/mer3050/,https://cdn11.bigcommerce.com/s-21x65e8kfn/images/stencil/1500x1500/products/95001/537586/MER3050_1000_1__53917.1791375142.jpg?c=1?imbypass=on
2026-10-07,adidas,adidas Supernova GORE-TEX Women's Running Shoes,109.99,54.99,3,adi17295,https://www.sportsshoes.com/product/adi17295/,https://cdn11.bigcommerce.com/s-21x65e8kfn/images/stencil/1500x1500/products/71884/362641/ADI17295_1000_1__57875.1725261546.jpg?c=1?imbypass=on
2026-10-07,VJ Sport,VJ Sport VJ Ultra 3.1 Trail Running Shoes,164.99,164.99,8,vjs10,https://www.sportsshoes.com/product/vjs10/,https://cdn11.bigcommerce.com/s-21x65e8kfn/images/stencil/1500x1500/products/88070/489709/VJS10_1000_1__55448.1774012625.jpg?c=1?imbypass=on
2026-10-07,Under Armour,Under Armour Charged Pursuit 3 Men's Running Shoes,59.99,59.99,10,und9722,https://www.sportsshoes.com/product/und9722/,https://cdn11.bigcommerce.com/s-21x65e8kfn/images/stencil/1500x1500/products/94920/537015/UND9722_1000_1__97000.1791213430.jpg?c=1?imbypass=on
2026-10-07,True Motion,True Motion U-TECH Aion 3 Men's Running Shoes,159.99,95.99,1,trm47,https://www.sportsshoes.com/product/trm47/,https://cdn11.bigcommerce.com/s-21x65e8kfn/images/stencil/1500x1500/products/69456/339610/TRM47_1000_1__10393.1721400544.jpg?c=1?imbypass=on
2026-10-07,On Running,On Running On LightSpray Cloudboom Strike 2 Running Shoes,299.99,299.99,17,onr1001,https://www.sportsshoes.com/product/onr1001/,https://cdn11.bigcommerce.com/s-21x65e8kfn/images/stencil/1500x1500/products/94807/536242/ONR1019_1000_1__37057.1790846337.jpg?c=1?imbypass=on
2026-10-07,Nike,Nike Zoom Fly 6 RSG Men's Running Shoes,154.99,154.99,14,nik26173,https://www.sportsshoes.com/product/nik26173/,https://cdn11.bigcommerce.com/s-21x65e8kfn/images/stencil/1500x1500/products/94795/536168/NIK26173_1000_1__43830.1790781428.jpg?c=1?imbypass=on
2026-10-07,Nike,Nike Vomero Plus RSG Men's Running Shoes,164.99,164.99,25,nik26174,https://www.sportsshoes.com/product/nik26174/,https://cdn11.bigcommerce.com/s-21x65e8kfn/images/stencil/1500x1500/products/94803/536227/NIK26174_1000_1__51752.1790846337.jpg?c=1?imbypass=on
2026-10-07,Nike,Nike Air Zoom Pegasus 42 RSG Men's Running Shoes,129.99,129.99,14,nik26179,https://www.sportsshoes.com/product/nik26179/,https://cdn11.bigcommerce.com/s-21x65e8kfn/images/stencil/1500x1500/products/94829/536419/NIK26179_1000_1__55049.1790864217.jpg?c=1?imbypass=on
2026-10-07,New Balance,New Balance Fresh Foam X Hierro V7 Trail Running Shoes,144.99,49.99,1,new695018,https://www.sportsshoes.com/product/new695018/,https://cdn11.bigcommerce.com/s-21x65e8kfn/images/stencil/1500x1500/products/61111/274780/NEW695018_1000_1__54300.1690380816.jpg?c=1?imbypass=on
2026-10-07,Hoka,Hoka Stinson 7 Men's Trail Running Shoes,159.99,79.99,1,hok3312,https://www.sportsshoes.com/product/hok3312/,https://cdn11.bigcommerce.com/s-21x65e8kfn/images/stencil/1500x1500/products/85194/470162/HOK3312_1000_1__16629.1767957669.jpg?c=1?imbypass=on
